setup_id,symbol,entry_time,side,exit_reason,net_r,bars_held,mfe_r,mae_r,atr,adx,bias_direction,bias_strength,state_confirmations,trigger_pattern,entry_price,stop_price,target_price
dfab846e-363,IRCTC.NS,"2026-03-13 12:15:00",SELL,gap_target,3.41,6,1.5,0.0,2.21,32.4,short,2,3,bearish_engulfing,528.5,532.93,521.86
b00bfcaa-1b2,INDUSINDBK.NS,"2026-03-11 10:00:00",SELL,gap_target,2.03,16,1.5,-0.31,5.49,25.5,short,1,4,bearish_engulfing,896.0,906.98,879.53
778270c8-fd3,VBL.NS,"2026-04-27 13:00:00",BUY,target,1.12,7,1.5,-0.04,5.39,23.2,long,2,4,hammer,501.7,490.92,517.88
a92c3d7c-8bc,ONGC.NS,"2026-03-09 10:15:00",SELL,target,1.09,3,1.5,-0.12,2.39,26.4,short,2,3,shooting_star,277.15,281.93,269.98
bc76d9b1-ce3,HINDALCO.NS,"2026-03-16 09:15:00",BUY,target,1.05,9,1.5,-0.04,6.95,30.2,long,2,3,bullish_engulfing,921.05,907.16,941.89
7bffc992-a5d,VBL.NS,"2026-04-09 10:00:00",BUY,target,1.03,6,1.5,-0.04,2.81,41.5,long,1,3,bullish_engulfing,419.3,413.67,427.74
57c26e80-a47,POWERGRID.NS,"2026-04-01 10:45:00",SELL,target,0.97,11,1.5,-0.17,1.61,27.3,short,2,3,bearish_engulfing,295.75,298.96,290.93
3ad20b82-896,NTPC.NS,"2026-03-12 11:15:00",BUY,target,0.96,13,1.5,-0.21,2.09,22.8,long,2,3,hammer,385.95,381.76,392.23
094cbd69-dfd,ONGC.NS,"2026-04-01 09:15:00",BUY,target,0.96,2,1.5,-0.02,1.53,28.0,long,1,4,hammer,287.0,283.94,291.6
acbaf368-593,SBIN.NS,"2026-04-02 13:15:00",BUY,target,0.95,4,1.5,-0.25,5.29,33.6,long,2,3,bullish_engulfing,999.0,988.42,1014.87
e8547dc2-cff,INDUSINDBK.NS,"2026-04-10 09:30:00",BUY,target,0.95,16,1.5,-0.38,4.29,28.0,long,2,3,hammer,826.2,817.62,839.08
c2c2f679-077,ADANIENT.NS,"2026-04-23 10:15:00",BUY,target,0.94,6,1.5,-0.37,12.52,29.4,long,1,3,bullish_engulfing,2261.9,2236.86,2299.46
c397a049-1fd,KALYANKJIL.NS,"2026-04-24 09:30:00",SELL,target,0.91,5,1.5,-0.21,1.91,25.4,short,1,3,bearish_engulfing,411.0,414.82,405.28
1d32303c-ba3,BPCL.NS,"2026-04-28 10:00:00",SELL,target,0.91,10,1.5,-0.16,1.42,23.7,short,2,3,bearish_engulfing,311.25,314.09,306.99
be8ba1d0-17e,INFY.NS,"2026-04-02 13:00:00",BUY,target,0.9,4,1.5,-0.08,5.82,26.0,long,2,3,bullish_engulfing,1273.6,1261.97,1291.05
211a2c7d-74f,VEDL.NS,"2026-04-13 10:15:00",BUY,target,0.9,17,1.5,-0.17,3.38,29.7,long,2,3,bullish_engulfing,743.35,736.59,753.5
1663cc15-abe,AXISBANK.NS,"2026-03-10 09:30:00",BUY,target,0.89,7,1.5,-0.35,5.92,26.7,long,2,4,bullish_engulfing,1295.1,1283.26,1312.86
b7e8b4d1-d65,KALYANKJIL.NS,"2026-04-28 09:30:00",BUY,target,0.87,2,1.5,-0.07,1.74,23.9,long,1,4,bullish_engulfing,414.95,411.47,420.17
ce8d65a6-a54,VEDL.NS,"2026-03-10 10:00:00",BUY,eod,0.84,20,1.45,-0.21,4.78,27.7,long,2,3,bullish_engulfing,709.5,699.93,723.85
045b5690-d8a,RELIANCE.NS,"2026-04-27 10:30:00",BUY,target,0.84,12,1.5,-0.21,5.38,32.1,long,2,3,hammer,1335.8,1325.04,1351.94
91191193-861,UPL.NS,"2026-04-15 13:15:00",BUY,target,0.8,3,1.5,-0.09,2.38,43.5,long,1,3,hammer,657.9,653.14,665.04
ee84a092-6b5,POWERGRID.NS,"2026-04-29 09:15:00",BUY,target,0.79,18,1.5,-0.09,1.14,27.4,long,2,4,hammer,319.8,317.52,323.21
7d352617-bea,HDFCLIFE.NS,"2026-04-29 09:30:00",BUY,target,0.79,7,1.5,-0.12,2.14,22.7,long,2,4,bullish_engulfing,594.55,590.28,600.96
c36b25b5-354,HDFCBANK.NS,"2026-04-16 11:00:00",SELL,target,0.78,4,1.5,-0.24,2.82,23.4,short,2,3,bearish_engulfing,808.95,814.59,800.49
846493cf-71b,RELIANCE.NS,"2026-03-16 13:45:00",BUY,eod,0.67,5,1.34,-0.08,5.89,28.6,long,2,3,bullish_engulfing,1381.5,1369.72,1399.16
609cee04-0d3,ITC.NS,"2026-03-12 13:45:00",SELL,target,0.66,4,1.5,-0.03,0.85,20.5,short,1,3,bearish_engulfing,306.4,308.11,303.84
594a3352-563,VBL.NS,"2026-03-11 11:00:00",SELL,eod,0.65,16,1.24,-0.48,2.22,21.5,short,1,3,shooting_star,436.9,441.35,430.23
fb66c891-822,ICICIBANK.NS,"2026-03-20 14:15:00",SELL,eod,0.64,3,1.46,-0.19,5.04,21.3,short,2,3,bearish_engulfing,1257.9,1267.97,1242.79
dcfe1702-b65,SBILIFE.NS,"2026-04-22 09:30:00",SELL,eod,0.6,22,1.26,-0.18,10.81,36.9,short,1,3,bearish_engulfing,1907.2,1928.81,1874.78
12ba18ce-e7d,ONGC.NS,"2026-03-13 11:00:00",SELL,eod,0.55,16,1.44,-0.67,1.2,22.4,short,2,3,bearish_engulfing,267.0,269.4,263.4
d694c06f-bee,DLF.NS,"2026-04-07 09:45:00",BUY,eod,0.48,21,1.09,-0.2,3.57,29.4,long,1,3,bullish_engulfing,527.0,519.86,537.71
ac4497c3-ac5,VEDL.NS,"2026-04-10 09:45:00",BUY,eod,0.47,21,1.22,-0.9,3.38,44.0,long,1,3,bullish_engulfing,738.0,731.24,748.14
6329c6ce-253,HDFCBANK.NS,"2026-03-06 14:15:00",SELL,eod,0.29,3,1.06,-0.09,2.94,26.3,short,1,3,shooting_star,861.8,867.69,852.97
b84bcca1-043,AXISBANK.NS,"2026-03-12 14:15:00",SELL,eod,0.27,3,0.93,-0.12,5.46,44.5,short,1,3,bearish_engulfing,1242.2,1253.11,1225.83
344f2862-df9,CANBK.NS,"2026-03-11 14:30:00",SELL,eod,0.26,2,0.92,-0.03,0.59,23.3,short,2,3,bearish_engulfing,140.24,141.42,138.46
d713480e-239,HDFCLIFE.NS,"2026-04-23 14:00:00",SELL,eod,0.21,4,1.02,-0.16,2.06,28.1,short,1,3,bearish_engulfing,601.8,605.93,595.61
e56ce827-487,UNIONBANK.NS,"2026-04-22 14:30:00",SELL,eod,0.16,2,0.84,-0.05,0.92,32.3,short,2,4,bearish_engulfing,195.07,196.91,192.31
257042da-3ed,SBIN.NS,"2026-04-24 10:00:00",BUY,eod,0.15,20,1.38,-0.41,3.74,29.3,long,2,3,bullish_engulfing,1095.2,1087.72,1106.42
106110d4-840,RECLTD.NS,"2026-03-11 14:30:00",SELL,eod,0.04,2,0.7,-0.13,1.58,26.3,short,2,4,bearish_engulfing,334.85,338.0,330.12
c08bdbcf-62f,BPCL.NS,"2026-03-06 09:15:00",SELL,eod,0.01,23,0.59,-0.44,3.13,29.2,short,1,3,bearish_engulfing,354.95,361.2,345.57
ba4bc856-f6e,KOTAKBANK.NS,"2026-03-18 10:15:00",BUY,eod,-0.03,19,1.02,-0.47,1.64,35.7,long,1,3,bullish_engulfing,373.5,370.23,378.41
5009c0c5-c55,COALINDIA.NS,"2026-03-10 11:00:00",BUY,eod,-0.09,16,0.87,-0.27,2.38,28.8,long,2,4,bullish_engulfing,440.75,435.99,447.89
0516b21a-1a6,POWERGRID.NS,"2026-03-13 12:15:00",SELL,eod,-0.12,11,0.94,-0.06,1.94,21.8,short,2,4,bearish_engulfing,302.4,306.27,296.59
a0997d2a-18c,SUNPHARMA.NS,"2026-04-28 10:00:00",BUY,eod,-0.14,20,1.29,-0.08,9.32,41.6,long,1,3,bullish_engulfing,1739.7,1721.07,1767.65
eb6a7304-7a3,POWERGRID.NS,"2026-04-20 09:15:00",BUY,eod,-0.15,4,1.13,-0.75,1.07,31.2,long,1,4,hammer,318.2,316.07,321.4
886f91ee-6dd,RECLTD.NS,"2026-03-13 14:30:00",SELL,eod,-0.16,2,0.66,-0.03,1.81,34.1,short,2,3,shooting_star,333.05,336.68,327.61
05ae259a-c0a,RECLTD.NS,"2026-04-07 11:00:00",BUY,eod,-0.17,16,0.73,-0.15,1.72,29.7,long,1,3,bullish_engulfing,328.1,324.67,333.25
7779bbc6-7e3,SAIL.NS,"2026-04-24 13:15:00",BUY,eod,-0.18,7,0.56,-0.48,0.94,29.9,long,2,3,hammer,177.8,175.92,180.62
efa3c1ea-f23,NTPC.NS,"2026-03-16 14:15:00",BUY,eod,-0.21,3,0.96,0.0,2.03,22.4,long,2,3,bullish_engulfing,380.9,376.85,386.98
3e730844-e86,ITC.NS,"2026-04-02 14:00:00",BUY,eod,-0.22,4,0.45,-0.38,1.23,27.5,long,2,3,bullish_engulfing,292.5,290.03,296.2
5eaf0c9e-fd6,ICICIBANK.NS,"2026-03-10 14:30:00",BUY,eod,-0.23,2,0.81,-0.02,4.64,31.0,long,1,3,hammer,1307.3,1298.02,1321.22
b5b63f72-bb0,KOTAKBANK.NS,"2026-03-12 13:45:00",SELL,eod,-0.23,5,0.65,-0.58,1.73,42.0,short,1,4,bearish_engulfing,376.8,380.26,371.61
8352db69-a1d,BPCL.NS,"2026-03-24 14:45:00",BUY,eod,-0.27,1,0.42,-0.14,1.97,37.8,long,2,3,bullish_engulfing,281.3,277.36,287.2
39d4533a-d45,ADANIPORTS.NS,"2026-04-15 13:15:00",BUY,eod,-0.29,7,0.52,-0.14,5.39,32.1,long,1,3,hammer,1508.0,1497.22,1524.17
72e2172a-2e5,INDUSINDBK.NS,"2026-04-28 14:00:00",SELL,eod,-0.29,4,0.34,-0.61,4.13,22.2,short,2,3,shooting_star,886.55,894.81,874.16
4f2c57e7-e69,DRREDDY.NS,"2026-04-02 12:30:00",BUY,eod,-0.3,10,0.41,-0.34,7.92,40.0,long,2,3,hammer,1215.9,1200.07,1239.65
a296deeb-dfe,HCLTECH.NS,"2026-03-24 14:15:00",SELL,eod,-0.38,3,0.32,-0.1,6.73,30.9,short,2,3,bearish_engulfing,1375.2,1388.67,1355.0
8abb9659-423,KOTAKBANK.NS,"2026-03-10 10:00:00",BUY,eod,-0.39,20,0.71,-0.45,2.01,36.3,long,2,3,bullish_engulfing,391.4,387.38,397.43
d2fb7a99-59b,ICICIBANK.NS,"2026-03-24 14:30:00",BUY,eod,-0.41,2,0.5,-0.17,5.79,27.1,long,2,3,hammer,1248.1,1236.51,1265.48
5b432cc4-852,RELIANCE.NS,"2026-04-02 14:00:00",BUY,eod,-0.41,4,0.42,-0.74,5.52,27.4,long,2,3,bullish_engulfing,1352.3,1341.27,1368.85
2e6a2a73-bc5,RECLTD.NS,"2026-04-06 14:45:00",BUY,eod,-0.41,1,0.43,-0.02,1.49,20.8,long,2,3,hammer,326.9,323.91,331.38
b00d6b1c-8e3,POWERGRID.NS,"2026-04-08 12:15:00",SELL,eod,-0.42,11,0.67,-0.2,1.28,31.2,short,2,3,bearish_engulfing,295.3,297.85,291.47
48a93814-80a,HDFCLIFE.NS,"2026-04-27 09:30:00",BUY,eod,-0.44,22,1.22,-0.2,2.94,34.2,long,2,4,hammer,596.1,590.21,604.93
60955502-96a,RELIANCE.NS,"2026-04-28 14:15:00",BUY,eod,-0.44,3,0.72,0.0,6.1,33.7,long,1,3,bullish_engulfing,1384.9,1372.69,1403.21
7d53af8c-802,TATASTEEL.NS,"2026-04-06 09:15:00",BUY,gap_stop,-0.47,1,1.02,-0.13,1.31,27.4,long,2,3,hammer,192.53,189.91,196.45
314e056a-2c9,DLF.NS,"2026-04-21 12:00:00",BUY,eod,-0.47,12,0.19,-0.23,3.88,20.2,long,2,3,hammer,607.5,599.73,619.15
8ce45f3e-a9f,INFY.NS,"2026-04-27 14:15:00",SELL,eod,-0.48,3,0.4,-0.57,3.97,20.3,short,1,3,shooting_star,1172.2,1180.14,1160.29
bf899fa7-1eb,VEDL.NS,"2026-03-11 13:30:00",SELL,eod,-0.49,6,0.07,-0.49,4.2,25.7,short,2,3,bearish_engulfing,721.65,730.04,709.06
3952a2d4-b69,RELIANCE.NS,"2026-04-10 14:45:00",BUY,eod,-0.49,1,0.68,-0.05,3.68,33.0,long,1,4,hammer,1347.2,1339.84,1358.25
4aa2f04e-0b1,INFY.NS,"2026-03-11 14:30:00",SELL,eod,-0.51,2,0.54,-0.15,3.79,35.1,short,1,3,bearish_engulfing,1279.4,1286.98,1268.03
d62e93ad-01d,SBIN.NS,"2026-03-19 12:30:00",SELL,eod,-0.51,10,0.95,-0.44,4.63,31.1,short,2,3,shooting_star,1049.8,1059.05,1035.92
2759826e-b55,INDHOTEL.NS,"2026-04-16 14:30:00",BUY,eod,-0.52,1,0.25,-0.17,2.51,23.4,long,2,3,bullish_engulfing,651.45,646.44,658.97
cf50de14-0c3,COALINDIA.NS,"2026-04-16 10:15:00",SELL,eod,-0.54,19,1.4,-0.11,1.14,32.6,short,2,3,shooting_star,433.7,435.98,430.28
040fca56-58e,RELIANCE.NS,"2026-04-24 13:45:00",SELL,eod,-0.54,5,0.58,-0.07,3.71,42.1,short,1,3,shooting_star,1329.8,1337.23,1318.66
0a1775aa-7ea,ONGC.NS,"2026-04-07 14:15:00",BUY,eod,-0.55,3,0.53,-0.27,1.19,29.2,long,2,3,hammer,286.25,283.88,289.81
037a2ce0-493,ITC.NS,"2026-04-30 14:45:00",SELL,eod,-0.55,1,0.5,-0.09,0.84,24.4,short,2,3,bearish_engulfing,315.1,316.79,312.57
16ad214e-a7d,NYKAA.NS,"2026-03-16 10:00:00",SELL,trail_stop,-0.56,17,1.23,-0.09,1.67,36.1,short,1,3,bearish_engulfing,237.55,240.9,232.53
4db3d927-8bf,TATASTEEL.NS,"2026-03-18 14:45:00",BUY,eod,-0.56,1,0.2,-0.37,0.71,30.0,long,1,3,bullish_engulfing,195.57,194.15,197.7
714101f5-b25,DELHIVERY.NS,"2026-04-21 10:00:00",BUY,trail_stop,-0.56,8,1.08,-0.1,3.37,29.4,long,2,3,bullish_engulfing,470.85,464.11,480.96
b81cf831-47a,PNB.NS,"2026-03-10 14:30:00",BUY,eod,-0.57,2,0.21,-0.22,0.57,35.3,long,2,3,hammer,117.36,116.22,119.07
1bde2e38-e69,TECHM.NS,"2026-03-24 14:45:00",BUY,eod,-0.57,1,0.61,-0.11,7.01,24.2,long,1,3,bullish_engulfing,1430.5,1416.48,1451.53
63d1486d-b00,RELIANCE.NS,"2026-03-17 13:00:00",BUY,eod,-0.58,8,0.53,-0.41,5.43,20.1,long,1,4,hammer,1400.1,1389.24,1416.39
4022da99-5ec,M&M.NS,"2026-04-09 09:30:00",SELL,eod,-0.58,17,0.95,-0.95,18.13,41.8,short,2,4,bearish_engulfing,3165.4,3201.67,3111.0
9a55831b-642,HINDALCO.NS,"2026-04-17 14:00:00",BUY,eod,-0.58,4,0.28,-0.27,3.75,20.1,long,2,4,bullish_engulfing,1038.0,1030.5,1049.24
1be397fb-020,SUNPHARMA.NS,"2026-03-06 14:45:00",BUY,eod,-0.59,1,0.15,-0.1,6.05,22.8,long,1,3,hammer,1800.2,1788.1,1818.36
0ba5a8f1-8f1,COALINDIA.NS,"2026-04-27 11:15:00",SELL,eod,-0.59,15,0.27,-0.74,1.92,35.6,short,2,3,shooting_star,452.15,455.98,446.4
b520825a-161,DLF.NS,"2026-04-10 10:00:00",BUY,eod,-0.62,20,0.92,-0.67,3.32,22.0,long,2,4,hammer,569.85,563.22,579.8
f6010b50-c50,BPCL.NS,"2026-04-10 10:00:00",BUY,eod,-0.63,20,0.52,-0.54,1.63,21.9,long,2,3,hammer,299.6,296.35,304.48
7f8e1c2c-238,WIPRO.NS,"2026-04-21 12:00:00",BUY,eod,-0.63,12,0.22,-0.53,0.85,25.9,long,2,3,hammer,204.97,203.27,207.52
60ba04b7-e9b,RELIANCE.NS,"2026-03-10 09:30:00",BUY,eod,-0.65,22,0.59,-0.3,8.51,21.6,long,2,3,hammer,1410.9,1393.88,1436.43
79250155-39f,HINDALCO.NS,"2026-03-27 10:15:00",BUY,eod,-0.66,19,0.62,-0.21,4.3,34.4,long,1,3,bullish_engulfing,867.45,858.86,880.34
1a976542-79d,INDUSINDBK.NS,"2026-03-24 14:30:00",BUY,eod,-0.69,2,0.34,-0.25,4.95,27.4,long,2,3,hammer,797.5,787.6,812.34
d11221b0-7c7,POWERGRID.NS,"2026-03-24 14:45:00",BUY,eod,-0.69,1,0.03,-0.56,1.66,31.2,long,2,3,bullish_engulfing,300.1,296.78,305.07
26f0a01e-673,BPCL.NS,"2026-04-09 12:45:00",BUY,eod,-0.7,9,0.16,-0.57,1.59,29.8,long,1,3,hammer,298.2,295.02,302.96
2ece2811-6cd,SBIN.NS,"2026-03-12 13:15:00",BUY,trail_stop,-0.71,1,1.03,-0.04,5.44,40.5,long,2,3,bullish_engulfing,1086.8,1075.92,1103.12
b9a688d6-9a7,SAIL.NS,"2026-04-23 12:15:00",SELL,eod,-0.73,11,0.48,-0.83,0.93,24.7,short,2,4,bearish_engulfing,174.84,176.71,172.04
7aa4ece5-973,AXISBANK.NS,"2026-04-23 14:45:00",SELL,eod,-0.74,1,0.23,-0.23,4.87,25.7,short,2,3,shooting_star,1369.6,1379.34,1354.99
c22db7ab-b4a,VBL.NS,"2026-03-16 10:15:00",SELL,eod,-0.75,19,0.53,-0.53,3.46,30.3,short,1,3,bearish_engulfing,406.0,412.93,395.61
a07efbaf-6ee,HINDALCO.NS,"2026-04-24 14:00:00",BUY,eod,-0.77,4,0.88,-0.27,3.92,23.0,long,2,3,hammer,1047.1,1039.26,1058.86
1ab995eb-209,M&M.NS,"2026-04-30 14:30:00",BUY,eod,-0.79,2,0.09,-0.43,14.27,29.9,long,2,4,bullish_engulfing,3104.1,3075.57,3146.9
46466295-4e4,RELIANCE.NS,"2026-03-16 09:45:00",SELL,trail_stop,-0.8,6,1.36,-0.2,5.86,38.2,short,1,3,bearish_engulfing,1379.5,1391.22,1361.91
d4f8164a-76b,RELIANCE.NS,"2026-04-20 09:15:00",BUY,eod,-0.8,4,0.09,-0.99,4.28,35.1,long,1,3,hammer,1364.2,1355.64,1377.04
6ff407bd-9db,HDFCBANK.NS,"2026-03-13 14:45:00",SELL,eod,-0.81,1,0.2,-0.21,2.86,35.9,short,1,3,bearish_engulfing,817.15,822.88,808.56
b597de9a-f04,UNIONBANK.NS,"2026-03-24 13:00:00",BUY,eod,-0.81,8,0.37,-0.47,1.25,25.1,long,2,3,hammer,174.42,171.93,178.16
3d416ad1-7eb,NYKAA.NS,"2026-04-07 10:45:00",SELL,eod,-0.81,17,0.35,-0.39,1.84,35.0,short,2,3,bearish_engulfing,246.9,250.57,241.39
44d383c4-e0c,KOTAKBANK.NS,"2026-03-25 12:15:00",SELL,eod,-0.82,11,0.97,-0.78,2.93,33.7,short,2,3,bearish_engulfing,368.9,374.77,360.1
e06a8b5c-546,KOTAKBANK.NS,"2026-03-11 14:00:00",SELL,eod,-0.83,4,0.51,-0.18,1.41,27.3,short,1,3,bearish_engulfing,385.2,388.03,380.96
326c556e-7ce,M&M.NS,"2026-03-20 12:15:00",SELL,eod,-0.84,11,0.21,-0.69,17.13,34.8,short,1,3,bearish_engulfing,3055.5,3089.77,3004.1
f6bde20e-645,ONGC.NS,"2026-04-20 09:30:00",SELL,eod,-0.85,3,0.27,-0.45,0.94,24.4,short,2,3,bearish_engulfing,283.2,285.08,280.39
9fbe0dd3-078,ONGC.NS,"2026-04-15 14:00:00",SELL,eod,-0.86,4,0.31,-0.41,1.05,24.3,short,2,3,bearish_engulfing,287.15,289.24,284.01
e42a5d12-3b7,TCS.NS,"2026-04-28 09:30:00",BUY,trail_stop,-0.89,9,1.44,-0.18,9.34,24.6,long,2,3,hammer,2458.9,2440.21,2486.93
5952d155-86f,SUNPHARMA.NS,"2026-03-10 10:00:00",BUY,eod,-0.92,13,0.22,-0.86,7.42,34.8,long,2,3,hammer,1817.7,1802.86,1839.96
a585564c-250,BPCL.NS,"2026-04-30 14:45:00",BUY,eod,-0.96,1,0.02,-0.86,1.22,23.7,long,2,3,hammer,301.75,299.32,305.4
8ae82bde-058,INFY.NS,"2026-04-20 09:15:00",SELL,eod,-0.97,4,0.1,-0.83,4.91,31.9,short,1,3,bearish_engulfing,1310.5,1320.32,1295.76
de6df742-9f9,NYKAA.NS,"2026-03-30 12:45:00",SELL,eod,-0.98,9,0.14,-0.65,1.61,20.2,short,1,3,bearish_engulfing,233.45,236.68,228.61
d43c3a80-e2e,INFY.NS,"2026-03-10 13:30:00",SELL,eod,-0.99,6,0.08,-0.61,4.94,24.1,short,2,3,shooting_star,1292.0,1301.88,1277.18
106ee2dc-e3b,HDFCBANK.NS,"2026-03-12 09:45:00",BUY,eod,-0.99,21,0.44,-0.42,3.17,34.3,long,1,3,hammer,833.45,827.11,842.96
fb58497d-d88,HINDALCO.NS,"2026-03-18 09:30:00",SELL,eod,-0.99,22,0.51,-0.87,5.53,23.5,short,2,4,shooting_star,928.8,939.86,912.21
de22705f-da0,PNB.NS,"2026-04-07 13:45:00",SELL,eod,-0.99,5,0.09,-0.69,0.53,22.5,short,2,3,bearish_engulfing,104.07,105.12,102.49
0e8b45df-c5b,HINDALCO.NS,"2026-04-23 13:00:00",BUY,eod,-1.06,8,0.71,-0.85,3.81,21.1,long,2,3,hammer,1043.6,1035.98,1055.03
cd484141-41c,NTPC.NS,"2026-04-15 14:30:00",BUY,eod,-1.07,2,0.15,-0.4,1.19,40.7,long,1,3,bullish_engulfing,393.15,390.77,396.72
766cc00f-160,HINDALCO.NS,"2026-04-28 14:45:00",BUY,eod,-1.07,1,0.02,-0.45,4.07,26.6,long,2,4,hammer,1077.05,1068.9,1089.27
cfb17acb-5a8,ITC.NS,"2026-04-10 13:15:00",BUY,eod,-1.11,7,0.44,-0.48,0.68,24.3,long,2,3,hammer,304.45,303.09,306.5
1592d66e-b96,CANBK.NS,"2026-03-25 14:15:00",BUY,eod,-1.12,3,0.16,-0.7,0.63,31.9,long,1,3,hammer,137.15,135.88,139.05
f7a478ae-aa2,COALINDIA.NS,"2026-04-23 11:15:00",BUY,trail_stop,-1.13,2,1.12,-0.2,1.23,20.9,long,2,3,bullish_engulfing,446.5,444.04,450.19
6930923c-0f9,HCLTECH.NS,"2026-04-21 12:00:00",BUY,eod,-1.14,12,0.06,-0.95,7.01,25.0,long,2,3,hammer,1449.4,1435.38,1470.43
98e6ade4-5d6,SUNPHARMA.NS,"2026-04-17 14:45:00",SELL,eod,-1.15,1,0.12,-0.41,4.55,27.8,short,2,3,shooting_star,1673.2,1682.31,1659.54
cdf43e01-278,SBIN.NS,"2026-03-23 14:30:00",BUY,eod,-1.2,2,0.29,-0.79,5.9,28.8,long,2,3,hammer,1039.4,1027.6,1057.09
007a9592-641,HDFCBANK.NS,"2026-04-13 13:45:00",BUY,eod,-1.2,5,0.22,-0.74,2.89,30.7,long,2,3,bullish_engulfing,797.2,791.42,805.86
fa9ed048-d08,DLF.NS,"2026-03-24 13:00:00",BUY,eod,-1.28,8,0.58,-0.94,3.75,22.8,long,2,3,hammer,526.9,519.41,538.14
31dba73f-093,POWERGRID.NS,"2026-04-28 14:45:00",BUY,eod,-1.31,1,0.1,-0.8,1.0,26.5,long,2,3,bullish_engulfing,320.0,318.01,322.99
e533d3d6-eb9,BPCL.NS,"2026-03-27 09:45:00",SELL,stop,-1.49,14,0.43,-1.0,2.49,38.5,short,2,4,bearish_engulfing,283.15,288.12,275.69
2337acac-1a7,ICICIBANK.NS,"2026-04-10 14:45:00",SELL,eod,-1.54,1,0.01,-0.96,4.56,32.4,short,1,3,bearish_engulfing,1315.2,1324.33,1301.51
a506cfc7-bff,CHOLAFIN.NS,"2026-03-24 10:45:00",SELL,stop,-1.56,4,0.07,-1.0,9.83,30.5,short,1,3,shooting_star,1380.0,1399.66,1350.51
51bbb1d0-50e,DRREDDY.NS,"2026-04-29 09:15:00",SELL,stop,-1.56,1,0.19,-1.0,9.75,30.1,short,2,3,bearish_engulfing,1338.7,1358.2,1309.44
a21e9dac-5f9,RELIANCE.NS,"2026-04-07 14:15:00",SELL,eod,-1.58,3,0.15,-1.0,4.71,28.0,short,1,3,bearish_engulfing,1295.6,1305.02,1281.47
7d8c7067-fa7,UNIONBANK.NS,"2026-04-27 09:45:00",BUY,stop,-1.58,7,0.0,-1.0,1.18,29.7,long,2,3,bullish_engulfing,177.9,175.55,181.43
0dd630b5-909,INDUSINDBK.NS,"2026-03-16 10:30:00",SELL,stop,-1.59,4,0.29,-1.0,5.57,35.9,short,1,3,shooting_star,809.45,820.59,792.74
27fa33ca-ed4,ADANIENT.NS,"2026-03-24 11:30:00",SELL,stop,-1.6,3,0.17,-1.0,12.61,31.8,short,1,3,shooting_star,1833.0,1858.21,1795.18
91df1a92-4e9,RELIANCE.NS,"2026-03-09 09:45:00",BUY,stop,-1.61,6,0.02,-1.0,9.15,31.8,long,1,3,bullish_engulfing,1411.6,1393.29,1439.06
c451a37e-470,POWERGRID.NS,"2026-03-25 09:30:00",BUY,stop,-1.61,13,0.2,-1.0,1.84,31.4,long,2,3,hammer,301.05,297.37,306.58
e5636196-383,SAIL.NS,"2026-03-27 13:15:00",SELL,stop,-1.62,3,0.34,-1.0,0.89,33.4,short,2,3,shooting_star,146.8,148.59,144.12
8d6a0d83-9da,BHARTIARTL.NS,"2026-04-01 09:15:00",BUY,stop,-1.62,17,0.05,-1.0,10.96,23.2,long,2,3,hammer,1811.6,1789.68,1844.48
23618e49-323,BANKBARODA.NS,"2026-04-07 11:30:00",SELL,stop,-1.62,13,0.06,-1.0,1.55,21.3,short,2,3,bearish_engulfing,255.0,258.11,250.34
3b5a4ca8-09c,ICICIBANK.NS,"2026-04-01 09:30:00",BUY,stop,-1.67,16,0.24,-1.0,6.81,40.8,long,2,3,hammer,1223.8,1210.19,1244.22
5479b25c-e96,BPCL.NS,"2026-04-29 11:30:00",BUY,stop,-1.68,10,0.12,-1.0,1.64,20.9,long,2,4,bullish_engulfing,309.6,306.32,314.52
5467468d-1e7,CIPLA.NS,"2026-04-06 09:30:00",SELL,stop,-1.69,13,0.69,-1.0,6.28,21.4,short,2,4,shooting_star,1178.7,1191.27,1159.85
dcd9337c-b42,VEDL.NS,"2026-04-28 09:15:00",SELL,stop,-1.71,3,0.8,-1.0,3.74,22.1,short,2,4,bearish_engulfing,735.0,742.49,723.77
37f0a7ab-674,WIPRO.NS,"2026-03-20 10:30:00",BUY,stop,-1.73,7,0.14,-1.0,0.92,39.6,long,2,3,hammer,191.28,189.44,194.04
20bc1645-9e9,HCLTECH.NS,"2026-04-15 12:45:00",SELL,stop,-1.74,8,0.21,-1.0,6.92,32.6,short,2,3,bearish_engulfing,1440.1,1453.93,1419.35
fc0c10c5-343,COALINDIA.NS,"2026-03-12 09:15:00",SELL,stop,-1.75,4,0.02,-1.0,2.11,36.3,short,2,4,shooting_star,447.1,451.31,440.78
8a6c416c-a66,HINDALCO.NS,"2026-04-10 09:30:00",SELL,stop,-1.76,4,0.13,-1.0,4.55,42.9,short,2,3,shooting_star,979.85,988.94,966.21
8ffe064a-5d8,VBL.NS,"2026-03-11 09:15:00",SELL,stop,-1.77,1,0.08,-1.0,1.95,25.9,short,2,4,bearish_engulfing,435.65,439.55,429.79
806d271b-29c,TCS.NS,"2026-03-20 10:15:00",BUY,stop,-1.77,9,0.08,-1.0,10.8,39.8,long,2,3,bullish_engulfing,2386.0,2364.4,2418.4
3481f547-022,BANKBARODA.NS,"2026-04-16 10:00:00",BUY,stop,-1.78,7,0.23,-1.0,1.23,28.9,long,1,3,bullish_engulfing,280.63,278.17,284.32
9daa7757-00a,KOTAKBANK.NS,"2026-04-30 10:30:00",BUY,stop,-1.78,6,0.18,-1.0,1.68,22.1,long,1,3,bullish_engulfing,381.3,377.93,386.35
9f0d732c-4b8,TCS.NS,"2026-03-27 09:30:00",BUY,stop,-1.79,20,0.45,-1.0,10.51,24.5,long,2,3,hammer,2412.5,2391.47,2444.04
a6ea8dd1-87f,HCLTECH.NS,"2026-04-30 13:15:00",BUY,eod,-1.79,7,0.87,-1.0,4.06,25.1,long,2,3,hammer,1206.6,1198.48,1218.78
f6c7b57e-274,POWERGRID.NS,"2026-03-11 13:15:00",BUY,stop,-1.87,5,0.2,-1.0,1.15,29.7,long,1,3,bullish_engulfing,301.15,298.86,304.59
7cc1247d-c7b,BANKBARODA.NS,"2026-04-29 12:00:00",BUY,stop,-1.87,8,0.36,-1.0,1.02,21.3,long,2,3,hammer,271.07,269.03,274.13
e21c2e0e-9b6,NTPC.NS,"2026-03-27 09:15:00",BUY,stop,-1.88,6,0.28,-1.0,1.41,21.2,long,1,3,hammer,378.45,375.64,382.67
04e8c2e8-4a3,ITC.NS,"2026-04-02 11:00:00",SELL,stop,-1.88,6,0.32,-1.0,1.09,25.5,short,2,3,bearish_engulfing,289.5,291.69,286.22
dac10722-f01,SUNPHARMA.NS,"2026-04-29 09:15:00",SELL,stop,-1.88,20,0.61,-1.0,6.65,23.8,short,1,3,shooting_star,1758.7,1772.0,1738.75
2ae76ac4-427,WIPRO.NS,"2026-04-09 09:45:00",SELL,stop,-1.89,7,0.13,-1.0,0.75,40.7,short,2,3,shooting_star,202.24,203.75,199.98
9de23ea1-042,AXISBANK.NS,"2026-04-23 13:00:00",BUY,stop,-1.91,6,0.39,-1.0,4.95,28.5,long,2,3,hammer,1378.9,1369.0,1393.76
0ef06ce4-eb3,SBIN.NS,"2026-04-29 09:15:00",SELL,stop,-1.93,4,0.46,-1.0,3.88,26.0,short,1,3,shooting_star,1092.25,1100.02,1080.6
b0ec8f51-f89,RELIANCE.NS,"2026-04-16 10:00:00",SELL,stop,-1.98,19,0.45,-1.0,4.41,35.2,short,2,4,shooting_star,1334.0,1342.82,1320.77
987429f4-278,UPL.NS,"2026-03-16 10:30:00",SELL,gap_stop,-2.0,6,0.6,-1.0,3.89,28.5,short,1,3,shooting_star,607.15,614.94,595.47
56b95916-804,INDHOTEL.NS,"2026-03-11 09:15:00",BUY,gap_stop,-2.41,2,0.17,-1.0,2.78,42.6,long,1,3,hammer,626.95,621.39,635.29
54cc1667-698,BAJFINANCE.NS,"2026-04-20 09:30:00",SELL,eod,-2.62,3,0.2,-1.0,3.59,22.4,short,1,3,bearish_engulfing,905.2,912.37,894.44
11ee8eed-e13,KALYANKJIL.NS,"2026-03-16 11:30:00",SELL,gap_stop,-2.68,23,0.23,-1.0,2.78,28.8,short,2,3,bearish_engulfing,375.25,380.82,366.9
